id,menu_access/id,menu_access/name
oscg_vendor.IAC_buyer_groups,oscg_po.menu_po,Purchase Order
,oscg_po.menu_po_view,Purchase Order
,oscg_po.menu_po_view_form,PO New List
,oscg_po.iac_purchase_order_change_view_form,PO Change List
,oscg_po.menu_wizard_iac_purchase_order,PO Change Singly
,oscg_po.menu_mass_wizard_iac_purchase_order,PO Change Mass
,oscg_po.menu_po_logs_view,Logs
,oscg_po.menu_po_setting_view,Setting
,oscg_po.menu_iac_currency_exchange_list,Currency Exchange
,,
oscg_vendor.IAC_vendor_groups,oscg_po.menu_po,Purchase Order
,oscg_po.menu_po_view,Purchase Order
,oscg_po.menu_po_vendor_confirm,Vendor Confirm
,,
,,
,,
oscg_vendor.IAC_buyer_groups,oscg_rfq.menu_asn_root,ASN
,oscg_rfq.menu_asn_view,ASN
,oscg_rfq.menu_iac_asn_all,ASN List
,oscg_rfq.menu_iac_asn_buyer,MM Create
,oscg_rfq.menu_iac_asn_buyer_change,Modify LG Data
,oscg_rfq.menu_iac_asn_buyer_cancel,MM Cancel
,,
oscg_vendor.IAC_vendor_groups,oscg_rfq.menu_asn_root,ASN
,oscg_rfq.menu_asn_view,ASN
,oscg_rfq.menu_iac_asn_all,ASN List
,oscg_rfq.menu_iac_asn_vendor_create,Vendor Create
,oscg_rfq.menu_iac_asn_vendor_cancel,Vendor Cancel
,,
oscg_vendor.group_ASN_rule,oscg_rfq.menu_asn_root,ASN
,oscg_rfq.menu_asn_asn_kakong,Max ASN
,oscg_rfq.menu_iac_asn_jitrule,Maintain Rule
,oscg_rfq.menu_iac_jitrule_upload,Import Rule
,oscg_vendor.menu_workspace,Workspace
,oscg_vendor.menu_agent_setting,Agent
,oscg_vendor.menu_agent_setting_agent,Set Agent User
,oscg_vendor.menu_wizard_iac_agent_users,Set Workspace
,oscg_vendor.menu_agent_history,History
,oscg_vendor.menu_agent_history_log,Agent History
,,
oscg_vendor.group_warehouse,oscg_rfq.menu_asn_root,ASN
,oscg_rfq.menu_asn_asn_kakong,Max ASN
,oscg_rfq.menu_iac_asn_maxqty,Increase Max Qty
,oscg_rfq.menu_iac_asn_maxqty_import,Batch Increase Max Qty
,oscg_vendor.menu_workspace,Workspace
,oscg_vendor.menu_agent_setting,Agent
,oscg_vendor.menu_agent_setting_agent,Set Agent User
,oscg_vendor.menu_wizard_iac_agent_users,Set Workspace
,oscg_vendor.menu_agent_history,History
,oscg_vendor.menu_agent_history_log,Agent History
,,
oscg_vendor.group_ASN_ctrl,oscg_rfq.menu_asn_root,ASN
,oscg_rfq.menu_asn_asn_kakong,Max ASN
,oscg_rfq.menu_iac_asn_maxqty,Increase Max Qty
,oscg_rfq.menu_iac_asn_maxqty_import,Batch Increase Max Qty
,oscg_vendor.menu_workspace,Workspace
,oscg_vendor.menu_agent_setting,Agent
,oscg_vendor.menu_agent_setting_agent,Set Agent User
,oscg_vendor.menu_wizard_iac_agent_users,Set Workspace
,oscg_vendor.menu_agent_history,History
,oscg_vendor.menu_agent_history_log,Agent History
,,
,,
oscg_vendor.group_ep_administration,oscg_rfq.menu_asn_root,ASN
,oscg_rfq.menu_asn_administration,Administration
,oscg_rfq.menu_iac_asn_buy_sell,B&S ASN Job Log
,oscg_rfq.menu_iac_asn_vmi,VMI ASN Job Log
,oscg_rfq.menu_iac_asn_clean,ASN Clean Job Log
,,
oscg_vendor.IAC_CM_groups,oscg_rfq.menu_rfq,RFQ
,oscg_rfq.menu_rfq_view,Quote
,oscg_rfq.menu_iac_rfq_quote_import,CM Import
,oscg_rfq.menu_rfq_rfq,RFQ
,oscg_rfq.menu_iac_rfq_mass_line_cm,Idle: CM Maintain
,,
,,
,,
,,
,,
,,
,,
,,
,,
,,
,,
oscg_vendor.IAC_vendor_groups,oscg_rfq.menu_rfq,RFQ
,oscg_rfq.menu_rfq_view,Quote
,oscg_rfq.menu_iac_rfq_quote_vendor,Vendor Confirm
,,
,,
oscg_vendor.group_ep_administration,oscg_rfq.menu_rfq,RFQ
,oscg_rfq.menu_01_administrator,Administration
,oscg_rfq.menu_iac_rfq_mass_variant,Idle RFQ Job Variant
,oscg_rfq.menu_iac_rfq_mass_job_log,Idle RFQ Job Log
,oscg_rfq.menu_iac_rfq_user_group,Create Autherization
,oscg_po.menu_po,Purchase Order
,oscg_po.menu_po_setting_view,Setting
,oscg_po.menu_po_approve_regular_view,Approve Rule Setting
,,
,,
,,
,,
,,
,,
,,
,,
,,
,,
,,
oscg_vendor.IAC_buyer_groups,oscg_vendor.menu_vendor,Vendor
,oscg_vendor.menu_new_vendor,New Vendor
,oscg_vendor.menu_new_vendor_reg,Registration
,oscg_vendor.menu_new_vendor_bank,Bank Info.
,oscg_vendor.menu_new_vendor_copy,Vendor Copy
oscg_vendor.IAC_vendor_groups,oscg_vendor.menu_vendor,Vendor
,oscg_vendor.menu_new_vendor,New Vendor
,oscg_vendor.menu_new_vendor_reg,Registration
,oscg_vendor.menu_new_vendor_bank,Bank Info.
oscg_vendor.IAC_setsupplier_groups,oscg_vendor.menu_vendor,Vendor
,oscg_vendor.menu_vendor_gsp,GV/SC/PLM
,oscg_vendor.menu_vendor_gsp_sc,Supplier Company
,oscg_vendor.menu_vendor_gsp_gs,GV/SC Bind
,oscg_vendor.menu_vendor_gsp_plm,GV/PLM Bind
,oscg_vendor.menu_workspace,Workspace
,oscg_vendor.menu_agent_setting,Agent
,oscg_vendor.menu_agent_setting_agent,Set Agent User
,oscg_vendor.menu_wizard_iac_agent_users,Set Workspace
,oscg_vendor.menu_agent_history,History
,oscg_vendor.menu_agent_history_log,Agent History
oscg_vendor.IAC_buyer_groups,oscg_vendor.menu_vendor_change,Vendor Change
,oscg_vendor.menu_vendor_change_block,Block/Unblock
,oscg_vendor.menu_vendor_change_bank,Bank Info.
,oscg_vendor.menu_vendor_change_pmt,PMT/Inco Term
,oscg_vendor.menu_vendor_change_specific,Specific Data
,,
,oscg_vendor.menu_vendor,Vendor
,oscg_vendor.menu_vendor_other,Other Vendor
,oscg_vendor.menu_vendor_other_bvi,BVI Vendor
,oscg_vendor.menu_vendor,Vendor
,oscg_vendor.menu_vendor_other,Other Vendor
,oscg_vendor.menu_vendor_other_spot,Spot Vendor
,,
,,
oscg_vendor.IAC_vendor_groups,oscg_vendor.menu_vendor_change,Vendor Change
,oscg_vendor.menu_vendor_change_bank,Bank Info.
oscg_vendor.IAC_spot_vendor_groups,oscg_vendor.menu_vendor,Vendor
,oscg_vendor.menu_vendor_other,Other Vendor
,oscg_vendor.menu_vendor_other_spot,Spot Vendor
,oscg_vendor.menu_workspace,Workspace
,oscg_vendor.menu_agent_setting,Agent
,oscg_vendor.menu_agent_setting_agent,Set Agent User
,oscg_vendor.menu_wizard_iac_agent_users,Set Workspace
,oscg_vendor.menu_agent_history,History
,oscg_vendor.menu_agent_history_log,Agent History
oscg_vendor.IAC_mold_vendor_groups,oscg_vendor.menu_vendor,Vendor
,oscg_vendor.menu_vendor_other,Other Vendor
,oscg_vendor.menu_vendor_other_mold,Mold Vendor
,oscg_vendor.menu_workspace,Workspace
,oscg_vendor.menu_agent_setting,Agent
,oscg_vendor.menu_agent_setting_agent,Set Agent User
,oscg_vendor.menu_wizard_iac_agent_users,Set Workspace
,oscg_vendor.menu_agent_history,History
,oscg_vendor.menu_agent_history_log,Agent History
oscg_vendor.IAC_bvi_vendor_groups,oscg_vendor.menu_vendor,Vendor
,oscg_vendor.menu_vendor_other,Other Vendor
,oscg_vendor.menu_vendor_other_bvi,BVI Vendor
,oscg_vendor.menu_workspace,Workspace
,oscg_vendor.menu_agent_setting,Agent
,oscg_vendor.menu_agent_setting_agent,Set Agent User
,oscg_vendor.menu_wizard_iac_agent_users,Set Workspace
,oscg_vendor.menu_agent_history,History
,oscg_vendor.menu_agent_history_log,Agent History
,,
oscg_vendor.group_scm_leader,iac_vendor_evaluation.menu_vendor_evaluation,Vendor Evaluation
,oscg_vendor.menu_workspace,Workspace
,oscg_vendor.menu_agent_setting,Agent
,oscg_vendor.menu_agent_setting_agent,Set Agent User
,oscg_vendor.menu_wizard_iac_agent_users,Set Workspace
,oscg_vendor.menu_agent_history,History
,oscg_vendor.menu_agent_history_log,Agent History
,,
,,
oscg_vendor.group_scm_controller,iac_vendor_evaluation.menu_vendor_evaluation,Vendor Evaluation
,iac_vendor_evaluation.menu_vendor_base_data,∞Ú¬¶∏ÍÆ∆
,iac_vendor_evaluation.menu_vendor_evaluation_operation,µ˚Æ÷ß@∑~
,iac_vendor_evaluation.menu_vendor_grading_project,µ˚§¿∂µ•ÿ∫˚≈@
,iac_vendor_evaluation.menu_vendor_designated_personnel,´¸©wµ˚Æ÷§H≠˚
,iac_vendor_evaluation.menu_vendor_scm_controller_pc,µ˚©wClass
,iac_vendor_evaluation.menu_vendor_scm_controller_sc,ΩTª{D Class SC
,iac_vendor_evaluation.menu_vendor_sc_class,µ˚Æ÷æ˙•v∞Oø˝¨d∏ﬂ
,iac_vendor_evaluation.menu_vendor_dclass_return,•”Ω–D Class™¶^
,oscg_vendor.menu_workspace,Workspace
,oscg_vendor.menu_agent_setting,Agent
,oscg_vendor.menu_agent_setting_agent,Set Agent User
,oscg_vendor.menu_wizard_iac_agent_users,Set Workspace
,oscg_vendor.menu_agent_history,History
,oscg_vendor.menu_agent_history_log,Agent History
,,
,,
oscg_vendor.group_scm_user,iac_vendor_evaluation.menu_vendor_evaluation,Vendor Evaluation
,iac_vendor_evaluation.menu_vendor_evaluation_operation,µ˚Æ÷ß@∑~
,iac_vendor_evaluation.menu_vendor_judges_score,µ˚Æ÷§H≠˚•¥§¿
,oscg_vendor.menu_workspace,Workspace
,oscg_vendor.menu_agent_setting,Agent
,oscg_vendor.menu_agent_setting_agent,Set Agent User
,oscg_vendor.menu_wizard_iac_agent_users,Set Workspace
,oscg_vendor.menu_agent_history,History
,oscg_vendor.menu_agent_history_log,Agent History
,,
,,
,,
oscg_vendor.group_qm_leader,iac_vendor_evaluation.menu_vendor_evaluation,Vendor Evaluation
,iac_vendor_evaluation.menu_vendor_base_data,∞Ú¬¶∏ÍÆ∆
,iac_vendor_evaluation.menu_vendor_evaluation_operation,µ˚Æ÷ß@∑~
,iac_vendor_evaluation.menu_vendor_qm_leader_pc,Æ÷≠„Part ClassΩ’æ„
,iac_vendor_evaluation.menu_vendor_material_type,ß˜Æ∆√˛ßO≥]©w
,iac_vendor_evaluation.menu_vendor_grading_project,µ˚§¿∂µ•ÿ∫˚≈@
,iac_vendor_evaluation.menu_vendor_maintenance,µ˚§¿∞œ∂°∏ÍÆ∆∫˚≈@
,iac_vendor_evaluation.menu_vendor_failure_cost,•¢±—¶®•ª∞œ∂°∏ÍÆ∆∫˚≈@
,iac_vendor_evaluation.menu_vendor_qm_leader_sc,Æ÷≠„D Class SC
,iac_vendor_evaluation.menu_vendor_dclass_return_approve,Æ÷≠„D Class™¶^
,oscg_vendor.menu_workspace,Workspace
,oscg_vendor.menu_agent_setting,Agent
,oscg_vendor.menu_agent_setting_agent,Set Agent User
,oscg_vendor.menu_wizard_iac_agent_users,Set Workspace
,oscg_vendor.menu_agent_history,History
,oscg_vendor.menu_agent_history_log,Agent History
,,
,,
,,
,,
oscg_vendor.group_qm_controller,iac_vendor_evaluation.menu_vendor_evaluation,Vendor Evaluation
,iac_vendor_evaluation.menu_vendor_base_data,∞Ú¬¶∏ÍÆ∆
,iac_vendor_evaluation.menu_vendor_evaluation_operation,µ˚Æ÷ß@∑~
,iac_vendor_evaluation.menu_vendor_grading_project,µ˚§¿∂µ•ÿ∫˚≈@
,iac_vendor_evaluation.menu_vendor_designated_personnel,´¸©wµ˚Æ÷§H≠˚
,iac_vendor_evaluation.menu_vendor_sc_class,µ˚Æ÷æ˙•v∞Oø˝¨d∏ﬂ
,oscg_vendor.menu_workspace,Workspace
,oscg_vendor.menu_agent_setting,Agent
,oscg_vendor.menu_agent_setting_agent,Set Agent User
,oscg_vendor.menu_wizard_iac_agent_users,Set Workspace
,oscg_vendor.menu_agent_history,History
,oscg_vendor.menu_agent_history_log,Agent History
,,
,,
,,
oscg_vendor.group_qm_user,iac_vendor_evaluation.menu_vendor_evaluation,Vendor Evaluation
,iac_vendor_evaluation.menu_vendor_evaluation_operation,µ˚Æ÷ß@∑~
,iac_vendor_evaluation.menu_vendor_judges_score,µ˚Æ÷§H≠˚•¥§¿
,oscg_vendor.menu_workspace,Workspace
,oscg_vendor.menu_agent_setting,Agent
,oscg_vendor.menu_agent_setting_agent,Set Agent User
,oscg_vendor.menu_wizard_iac_agent_users,Set Workspace
,oscg_vendor.menu_agent_history,History
,oscg_vendor.menu_agent_history_log,Agent History
,,
,,
,,
oscg_vendor.IAC_TP02INTER_groups,oscg_vendor.menu_vendor,Vendor
,iac_vendor_evaluation.menu_vendor_evaluation,Vendor Evaluation
,iac_vendor_evaluation.menu_vendor_manual_production,§‚??•Õ?Æ÷¶W?
,iac_vendor_evaluation.menu_vendor_sc_class,µ˚Æ÷æ˙•v∞Oø˝¨d∏ﬂ
,oscg_vendor.menu_workspace,Workspace
,oscg_vendor.menu_agent_setting,Agent
,oscg_vendor.menu_agent_setting_agent,Set Agent User
,oscg_vendor.menu_wizard_iac_agent_users,Set Workspace
,oscg_vendor.menu_agent_history,History
,oscg_vendor.menu_agent_history_log,Agent History
,,
oscg_vendor.group_set_bulletin,oscg_vendor.menu_workspace,Workspace
,oscg_vendor.menu_agent_setting,Agent
,oscg_vendor.menu_agent_setting_agent,Set Agent User
,oscg_vendor.menu_wizard_iac_agent_users,Set Workspace
,oscg_vendor.menu_agent_history,History
,oscg_vendor.menu_agent_history_log,Agent History
,oscg_vendor.menu_vendor,Vendor
,iac_vendor_evaluation.menu_vendor_bulletin_new,Bulletin New
,iac_vendor_evaluation.menu_vendor_bulletin_publish,Publish
,iac_vendor_evaluation.menu_vendor_bulletin_publish_his,Publish History
,iac_vendor_evaluation.menu_vendor_bulletin_white_list_new,Recipient
,iac_vendor_evaluation.menu_vendor_bulletin_white_upload_new,Import Recipient
,,
oscg_vendor.group_ep_administration,oscg_vendor.menu_vendor,Vendor
,oscg_vendor.menu_vendor_setting,Setting
,oscg_vendor.menu_vendor_setting_type,Doc Type
,oscg_vendor.menu_vendor_setting_config,Doc Config
,oscg_vendor.menu_vendor_setting_qvl,QVL Score
,oscg_vendor.menu_vendor_setting_account_group,Account Group
,,
oscg_vendor.IAC_vendor_groups,oscg_vendor.menu_workspace,Workspace
,oscg_vendor.menu_workspace_vendor,Vendor
,oscg_vendor.menu_workspace_select_vendor_code,Select Vendor
,,
oscg_vendor.IAC_qs_groups,oscg_vendor.menu_vendor,Vendor
,oscg_vendor.menu_vendor_attachment,Attachment
,oscg_vendor.menu_wizard_iac_vendor_register_attachment,Vendor Register Attachment
,oscg_vendor.menu_wizard_iac_vendor_attachment,Vendor Attachment
,oscg_vendor.menu_workspace,Workspace
,oscg_vendor.menu_agent_setting,Agent
,oscg_vendor.menu_agent_setting_agent,Set Agent User
,oscg_vendor.menu_wizard_iac_agent_users,Set Workspace
,oscg_vendor.menu_agent_history,History
,oscg_vendor.menu_agent_history_log,Agent History
,,
oscg_vendor.IAC_buyer_groups,oscg_rfq.menu_asn_root,ASN
,oscg_rfq.menu_asn_view,ASN
,oscg_rfq.menu_iac_asn_all,ASN List
,oscg_rfq.menu_rfq,RFQ
,oscg_rfq.menu_rfq_view,Quote
,oscg_rfq.menu_iac_rfq_quote_default,Quote List
,oscg_rfq.menu_rfq_rfq,RFQ
,oscg_rfq.menu_iac_rfq_create,Create
,oscg_vendor.menu_workspace,Workspace
,oscg_vendor.menu_agent_setting,Agent
,oscg_vendor.menu_agent_setting_agent,Set Agent User
,oscg_vendor.menu_wizard_iac_agent_users,Set Workspace
,oscg_vendor.menu_agent_history,History
,oscg_vendor.menu_agent_history_log,Agent History
,,
oscg_vendor.IAC_vendor_groups,oscg_rfq.menu_asn_root,ASN
,oscg_rfq.menu_asn_view,ASN
,oscg_rfq.menu_iac_asn_all,ASN List
,oscg_rfq.menu_rfq,RFQ
,oscg_rfq.menu_rfq_view,Quote
,oscg_rfq.menu_iac_rfq_quote_default,Quote List
,oscg_rfq.menu_rfq_rfq,RFQ
,oscg_rfq.menu_iac_rfq_create,Create
,,
"oscg_vendor.group_ep_administration
",oscg_rfq.menu_asn_root,ASN
,oscg_rfq.menu_asn_view,ASN
,oscg_rfq.menu_iac_asn_all,ASN List
,oscg_rfq.menu_rfq,RFQ
,oscg_rfq.menu_rfq_view,Quote
,oscg_rfq.menu_iac_rfq_quote_default,Quote List
,oscg_rfq.menu_rfq_rfq,RFQ
,oscg_rfq.menu_iac_rfq_create,Create
,oscg_vendor.menu_workspace,Workspace
,oscg_vendor.menu_workspace_vendor,Vendor
,oscg_vendor.menu_workspace_select_vendor_code,Select Vendor
,oscg_vendor.menu_agent_setting,Agent
,oscg_vendor.menu_agent_setting_agent,Set Agent User
,oscg_vendor.menu_wizard_iac_agent_users,Set Workspace
,oscg_vendor.menu_agent_history,History
,oscg_vendor.menu_agent_history_log,Agent History
,,
"oscg_vendor.IAC_AS_groups
",oscg_rfq.menu_asn_root,ASN
,oscg_rfq.menu_asn_view,ASN
,oscg_rfq.menu_iac_asn_all,ASN List
,oscg_rfq.menu_rfq,RFQ
,oscg_rfq.menu_rfq_view,Quote
,oscg_rfq.menu_iac_rfq_quote_default,Quote List
,oscg_rfq.menu_rfq_rfq,RFQ
,oscg_rfq.menu_iac_rfq_create,Create
,oscg_vendor.menu_workspace,Workspace
,oscg_vendor.menu_agent_setting,Agent
,oscg_vendor.menu_agent_setting_agent,Set Agent User
,oscg_vendor.menu_wizard_iac_agent_users,Set Workspace
,oscg_vendor.menu_agent_history,History
,oscg_vendor.menu_agent_history_log,Agent History
,,
oscg_vendor.IAC_CM_groups,oscg_rfq.menu_asn_root,ASN
,oscg_rfq.menu_asn_view,ASN
,oscg_rfq.menu_iac_asn_all,ASN List
,oscg_rfq.menu_rfq,RFQ
,oscg_rfq.menu_rfq_view,Quote
,oscg_rfq.menu_iac_rfq_quote_default,Quote List
,oscg_rfq.menu_rfq_rfq,RFQ
,oscg_rfq.menu_iac_rfq_create,Create
,oscg_vendor.menu_workspace,Workspace
,oscg_vendor.menu_agent_setting,Agent
,oscg_vendor.menu_agent_setting_agent,Set Agent User
,oscg_vendor.menu_wizard_iac_agent_users,Set Workspace
,oscg_vendor.menu_agent_history,History
,oscg_vendor.menu_agent_history_log,Agent History
,,
oscg_vendor.group_ASN_ctrl,oscg_rfq.menu_asn_root,ASN
,oscg_rfq.menu_asn_view,ASN
,oscg_rfq.menu_iac_asn_all,ASN List
,oscg_rfq.menu_rfq,RFQ
,oscg_rfq.menu_rfq_view,Quote
,oscg_rfq.menu_iac_rfq_quote_default,Quote List
,oscg_rfq.menu_rfq_rfq,RFQ
,oscg_rfq.menu_iac_rfq_create,Create
,oscg_vendor.menu_workspace,Workspace
,oscg_vendor.menu_agent_setting,Agent
,oscg_vendor.menu_agent_setting_agent,Set Agent User
,oscg_vendor.menu_wizard_iac_agent_users,Set Workspace
,oscg_vendor.menu_agent_history,History
,oscg_vendor.menu_agent_history_log,Agent History
,,
oscg_vendor.group_ASN_rule,oscg_rfq.menu_asn_root,ASN
,oscg_rfq.menu_asn_view,ASN
,oscg_rfq.menu_iac_asn_all,ASN List
,oscg_rfq.menu_rfq,RFQ
,oscg_rfq.menu_rfq_view,Quote
,oscg_rfq.menu_iac_rfq_quote_default,Quote List
,oscg_rfq.menu_rfq_rfq,RFQ
,oscg_rfq.menu_iac_rfq_create,Create
,oscg_vendor.menu_workspace,Workspace
,oscg_vendor.menu_agent_setting,Agent
,oscg_vendor.menu_agent_setting_agent,Set Agent User
,oscg_vendor.menu_wizard_iac_agent_users,Set Workspace
,oscg_vendor.menu_agent_history,History
,oscg_vendor.menu_agent_history_log,Agent History
,,
oscg_vendor.group_warehouse,oscg_rfq.menu_asn_root,ASN
,oscg_rfq.menu_asn_view,ASN
,oscg_rfq.menu_iac_asn_all,ASN List
,oscg_rfq.menu_rfq,RFQ
,oscg_rfq.menu_rfq_view,Quote
,oscg_rfq.menu_iac_rfq_quote_default,Quote List
,oscg_rfq.menu_rfq_rfq,RFQ
,oscg_rfq.menu_iac_rfq_create,Create
,oscg_vendor.menu_workspace,Workspace
,oscg_vendor.menu_agent_setting,Agent
,oscg_vendor.menu_agent_setting_agent,Set Agent User
,oscg_vendor.menu_wizard_iac_agent_users,Set Workspace
,oscg_vendor.menu_agent_history,History
,oscg_vendor.menu_agent_history_log,Agent History
,,
,,
oscg_vendor.IAC_buyer_groups,oscg_control_table.main_table_menu,Control Table
,oscg_control_table.control_table_menu,Control Table
,oscg_control_table.table_menu,Create
,oscg_control_table.table_menu_import,Batch Create
,oscg_control_table.real_table_menu,Existed Data
,oscg_control_table.control_table_history_menu,History
,,
oscg_vendor.IAC_setsupplier_groups,oscg_control_table.main_table_menu,Control Table
,oscg_control_table.control_table_menu,Control Table
,oscg_control_table.real_table_menu,Existed Data
,,
oscg_vendor.group_ep_administration,iac_forecast_release_to_vendor.main_forecastrelease_menu,Forecast Release
,iac_forecast_release_to_vendor.datalist_menu,Administration section
,iac_forecast_release_to_vendor.forecastrelease_menu,Forecast Release
,iac_forecast_release_to_vendor.delivery_report_menu,Delivery Report
,iac_forecast_release_to_vendor.delivery_upload_menu,Supply Plan
,iac_forecast_release_to_vendor.psi_report_menu,PSI Report
,iac_forecast_release_to_vendor.menu_raw_data,Vendor code list
,iac_forecast_release_to_vendor.menu_confirm_version,confirm version
,iac_forecast_release_to_vendor.menu_raw_data_all,raw data all
,iac_forecast_release_to_vendor.menu_column_title,column title
,iac_forecast_release_to_vendor.menu_tvendor_remark,vendor remark
,iac_forecast_release_to_vendor.menu_wizard_buyerconfirm,Adjust
,iac_forecast_release_to_vendor.menu_buyer_fcst_report,Buyer Download FCST
,iac_forecast_release_to_vendor.menu_fcst_upload,FCST Upload
,iac_forecast_release_to_vendor.menu_raw_data_temp,Release
,iac_forecast_release_to_vendor.menu_confirm_data,FCST Release Current
,iac_forecast_release_to_vendor.menu_confirm_data_temp,FCST Release History
,iac_forecast_release_to_vendor.menu_vendor_upload_lt_web,Reply
,iac_forecast_release_to_vendor.menu_buyer_fcst_delivery_report,Buyer Fill Form
,iac_forecast_release_to_vendor.menu_buyer_upload_lt,Buyer Upload
,iac_forecast_release_to_vendor.menu_vendor_forecast_delivery_report,Vendor Fill Form
,iac_forecast_release_to_vendor.menu_vendor_upload_lt,Vendor Upload
,iac_forecast_release_to_vendor.menu_tvendor_upload,History
,iac_forecast_release_to_vendor.menu_vendor_psi_report,Vendor PSI Report
,iac_forecast_release_to_vendor.menu_internal_psi_report,Internal PSI Report
,,
oscg_vendor.IAC_buyer_groups,iac_forecast_release_to_vendor.main_forecastrelease_menu,Forecast Release
,iac_forecast_release_to_vendor.forecastrelease_menu,Forecast Release
,iac_forecast_release_to_vendor.menu_wizard_buyerconfirm,Adjust
,iac_forecast_release_to_vendor.menu_buyer_fcst_report,Buyer Download FCST
,iac_forecast_release_to_vendor.menu_fcst_upload,FCST Upload
,iac_forecast_release_to_vendor.menu_raw_data_temp,Release
,iac_forecast_release_to_vendor.menu_confirm_data,FCST Release Current
,iac_forecast_release_to_vendor.menu_confirm_data_temp,FCST Release History
,iac_forecast_release_to_vendor.delivery_upload_menu,Supply Plan
,iac_forecast_release_to_vendor.menu_vendor_upload_lt_web,Reply
,iac_forecast_release_to_vendor.menu_buyer_fcst_delivery_report,Buyer Fill Form
,iac_forecast_release_to_vendor.menu_buyer_upload_lt,Buyer Upload
,iac_forecast_release_to_vendor.menu_tvendor_upload,History
,iac_forecast_release_to_vendor.psi_report_menu,PSI Report
,iac_forecast_release_to_vendor.menu_internal_psi_report,Internal PSI Report
,,
oscg_vendor.IAC_vendor_groups,iac_forecast_release_to_vendor.main_forecastrelease_menu,Forecast Release
,iac_forecast_release_to_vendor.delivery_upload_menu,Supply Plan
,iac_forecast_release_to_vendor.menu_vendor_upload_lt_web,Reply
,iac_forecast_release_to_vendor.menu_vendor_forecast_delivery_report,Vendor Fill Form
,iac_forecast_release_to_vendor.menu_vendor_upload_lt,Vendor Upload
,iac_forecast_release_to_vendor.menu_tvendor_upload,History
,iac_forecast_release_to_vendor.psi_report_menu,PSI Report
,iac_forecast_release_to_vendor.menu_vendor_psi_report,Vendor PSI Report
,,
oscg_vendor.IAC_buyer_groups,oscg_vendor.menu_vendor,Vendor
,oscg_vendor.menu_vendor_attachment,Doc Control
,oscg_vendor.menu_wizard_iac_vendor_register_attachment,Registration Doc
,oscg_vendor.menu_wizard_iac_vendor_attachment,Other Doc
,,
,,
oscg_vendor.group_report_GR,iac_report.main_report_menu,Report
,iac_report.G_R_menu,G/R
,iac_report.menu_max_qty,Max QTY allowed for ASN
,iac_report.menu_asn_report,ASN Report
,iac_report.menu_transit_asn,In-Transit ASN Price Changeable Report
,,
oscg_vendor.group_report_RFQ,iac_report.main_report_menu,Report
,iac_report.RFQ_menu,RFQ
,iac_report.menu_rfq_history,Report RFQ List RFQ History
,iac_report.menu_price_difference,´e§@§—´ÿRFQª˘ÆÊÆt≤ß™Ì
,,
,,
oscg_vendor.group_report_PO,iac_report.main_report_menu,Report
,iac_report.PO_menu,PO
,iac_report.menu_wizard_po_cancel_history,Po Cancel History
,iac_report.menu_wizard_po_unconfirm_detail,Po Unconfirm Detail
,iac_report.menu_wizard_po_change_payment_wizard,PO Payment/FOB Change History
,iac_report.supplier_exception_monitor_report,Supplier Exception Monitor
,iac_report.menu_wizard_po_unconfirm_summary,PO Unconfirmed Summary
,iac_report.menu_wizard_po_price_change_history,Po Price Change History
,iac_report.menu_purchase_group,Purchase_Group_List
,iac_report.menu_wizard_transverse_po,æÓ¶° PO ∏ÍÆ∆
,iac_report.menu_wizard_po_without_vendor_confirm,New PO without Vendor Confirm
,iac_report.menu_wizard_po_report,PO Report
,iac_report.menu_wizard_po_delete_state,ße≤{ßR∞£™¨∫A™∫ PO
,iac_report.menu_wizard_price_disagreement_report,OpenPOª˘ÆÊ©MInforeocrdª˘ÆÊ§£§@≠P≥¯™Ì
,iac_report.menu_wizard_comparison_report,∏Û?site PO©M?≥ÃßC?RFQ Price?§Ò∏˚™Ì
,,
,,
,,
oscg_vendor.IAC_vendor_groups,iac_report.main_report_menu,Report
,iac_report.PO_menu,PO
,iac_report.menu_wizard_payment_info,ºt∞”•I¥⁄¶©¥⁄©˙≤”¨d∏ﬂ
,,
oscg_vendor.IAC_CM_groups,iac_report.main_report_menu,Report
,iac_report.PO_menu,PO
,iac_report.menu_wizard_payment_info,ºt∞”•I¥⁄¶©¥⁄©˙≤”¨d∏ﬂ
,,
oscg_vendor.group_ep_administration,iac_vendor_evaluation.menu_vendor_evaluation,Vendor Evaluation
,iac_vendor_evaluation.menu_vendor_base_data,∞Ú¬¶∏ÍÆ∆
,iac_vendor_evaluation.menu_vendor_evaluation_operation,µ˚Æ÷ß@∑~
,iac_vendor_evaluation.menu_vendor_class,D Class ≥B≤z
,iac_vendor_evaluation.menu_vendor_material_type,ß˜Æ∆√˛ßO≥]©w
,iac_vendor_evaluation.menu_vendor_grading_project,µ˚§¿∂µ•ÿ∫˚≈@
,iac_vendor_evaluation.menu_vendor_maintenance,µ˚§¿∞œ∂°∏ÍÆ∆∫˚≈@
,iac_vendor_evaluation.menu_vendor_failure_cost,•¢±—¶®•ª∞œ∂°∏ÍÆ∆∫˚≈@
,iac_vendor_evaluation.menu_vendor_designated_personnel,´¸©wµ˚Æ÷§H≠˚
,iac_vendor_evaluation.menu_vendor_judges_score,µ˚Æ÷§H≠˚•¥§¿
,iac_vendor_evaluation.menu_vendor_scm_controller_pc,µ˚©wPart Class
,iac_vendor_evaluation.menu_vendor_qm_leader_pc,Æ÷≠„Part ClassΩ’æ„
,iac_vendor_evaluation.menu_vendor_scm_controller_sc,ΩTª{D Class SC
,iac_vendor_evaluation.menu_vendor_qm_leader_sc,Æ÷≠„D Class SC
,iac_vendor_evaluation.menu_vendor_manual_production,§‚∞ ≤£•Õµ˚Æ÷¶W≥Ê
,iac_vendor_evaluation.menu_vendor_dclass_return,•”Ω–D Class™¶^
,iac_vendor_evaluation.menu_vendor_dclass_return_approve,Æ÷≠„D Class™¶^
,iac_vendor_evaluation.menu_vendor_sc_class,µ˚Æ÷æ˙•v∞Oø˝¨d∏ﬂ
,iac_vendor_evaluation.menu_vendor_dclass_processing_operation,D Class≥B≤zß@∑~
,iac_vendor_evaluation.menu_vendor_audit_scm_controller_dclass,SCM ControllerºfÆ÷D Class≥B≤z§Ë¶°
,iac_vendor_evaluation.menu_vendor_audit_scm_leader_dclass,SCM LeaderºfÆ÷D Class≥B≤z§Ë¶°
,iac_vendor_evaluation.menu_vendor_audit_qm_controller_dclass,QM ControllerºfÆ÷D Class≥B≤z§Ë¶°
,iac_vendor_evaluation.menu_vendor_audit_qm_leader_dclass,QM LeaderºfÆ÷D Class≥B≤z§Ë¶°
,iac_vendor_evaluation.menu_vendor_plm,øÈ§JPLM•”Ω–≥Ê∏π
,,
,,
oscg_vendor.IAC_buyer_groups,oscg_control_table.main_table_menu,Control Table
,oscg_control_table.country_menu,Country of Origin
,oscg_control_table.query_update_menu,Query/Update
,oscg_control_table.batch_upload_menu,Batch Upload
,,
oscg_vendor.IAC_vendor_groups,oscg_control_table.main_table_menu,Control Table
,oscg_control_table.country_menu,Country of Origin
,oscg_control_table.query_update_menu,Query/Update
,oscg_control_table.batch_upload_menu,Batch Upload
,,
oscg_vendor.IAC_buyer_manager_groups,oscg_rfq.menu_asn_root,Control Table
,oscg_control_table.country_menu,Country of Origin
,oscg_control_table.query_update_menu,Query/Update
,oscg_control_table.batch_upload_menu,Batch Upload
,,
oscg_vendor.group_report_vendor,iac_report.main_report_menu,Report
,iac_report.Vendor_menu,Vendor
,iac_report.menu_wizard_vendor_vs_buyer_email,Vendor vs Buyer Email
,iac_report.menu_wizard_vendor_change_history,Vendor Change History
,iac_report.menu_global_vendor_report,Global Vendor Report
,iac_report.menu_global_vendor_qm_report,Global Vendor Report-QM
,iac_report.menu_vendor_report,Vendor Report
,iac_report.menu_payment_term_change_report,Payment/Inco Term changes log
,,
,,
,,
oscg_vendor.IAC_qs_groups,iac_vendor_evaluation.menu_vendor_evaluation,Vendor Evaluation
,iac_vendor_evaluation.menu_vendor_evaluation_operation,µ˚Æ÷ß@∑~
,iac_vendor_evaluation.menu_vendor_set_risk_level,µ˚Æ÷??µ•?
,,
,,
,,
,,
,,
oscg_vendor.IAC_setsupplier_groups,iac_report.main_report_menu,Report
,iac_report.Other_menu,Other
,iac_report.menu_email_alert_report,Email Alert Report
,,
oscg_vendor.group_set_bulletin,iac_report.main_report_menu,Report
,iac_report.Vendor_menu,Vendor
,iac_report.menu_bulletin_information_report,Bulletin Information Report
,,
oscg_vendor.IAC_setsupplier_groups,iac_report.menu_wizard_iac_sop_attachment,Doc SOP
,iac_report.menu_sop_vendor,SOP - Vendor
,iac_report.menu_vendor_sop_doc,SOP Vendor
,,
oscg_vendor.IAC_vendor_groups,iac_report.menu_sop_vendor,SOP - Vendor
,iac_report.menu_vendor_sop_doc,SOP Vendor
,,
oscg_vendor.group_report_GR,iac_report.menu_sop_po,SOP - PO
,iac_report.menu_po_sop_doc,SOP PO
,iac_report.menu_sop_vendor_evaluation,SOP - Vendor Evaluation
,iac_report.menu_vendor_evaluation_sop_doc,SOP Vendor Evaluation
,iac_report.menu_sop_fcst,SOP - FCST
,iac_report.menu_fcst_sop_doc,SOP FCST
,iac_report.menu_sop_asn,SOP - ASN
,iac_report.menu_asn_sop_doc,SOP ASN
,iac_report.menu_sop_rfq,SOP - RFQ
,iac_report.menu_rfq_sop_doc,SOP RFQ
,iac_report.menu_sop_workspace,SOP - Workspace
,iac_report.menu_workspace_sop_doc,SOP Workspace
,,
oscg_vendor.group_report_RFQ,iac_report.menu_sop_po,SOP - PO
,iac_report.menu_po_sop_doc,SOP PO
,iac_report.menu_sop_vendor_evaluation,SOP - Vendor Evaluation
,iac_report.menu_vendor_evaluation_sop_doc,SOP Vendor Evaluation
,iac_report.menu_sop_fcst,SOP - FCST
,iac_report.menu_fcst_sop_doc,SOP FCST
,iac_report.menu_sop_asn,SOP - ASN
,iac_report.menu_asn_sop_doc,SOP ASN
,iac_report.menu_sop_rfq,SOP - RFQ
,iac_report.menu_rfq_sop_doc,SOP RFQ
,iac_report.menu_sop_workspace,SOP - Workspace
,iac_report.menu_workspace_sop_doc,SOP Workspace
,,
oscg_vendor.group_report_PO,iac_report.menu_sop_po,SOP - PO
,iac_report.menu_po_sop_doc,SOP PO
,iac_report.menu_sop_vendor_evaluation,SOP - Vendor Evaluation
,iac_report.menu_vendor_evaluation_sop_doc,SOP Vendor Evaluation
,iac_report.menu_sop_fcst,SOP - FCST
,iac_report.menu_fcst_sop_doc,SOP FCST
,iac_report.menu_sop_asn,SOP - ASN
,iac_report.menu_asn_sop_doc,SOP ASN
,iac_report.menu_sop_rfq,SOP - RFQ
,iac_report.menu_rfq_sop_doc,SOP RFQ
,iac_report.menu_sop_workspace,SOP - Workspace
,iac_report.menu_workspace_sop_doc,SOP Workspace
,,
oscg_vendor.group_report_vendor,iac_report.menu_sop_po,SOP - PO
,iac_report.menu_po_sop_doc,SOP PO
,iac_report.menu_sop_vendor_evaluation,SOP - Vendor Evaluation
,iac_report.menu_vendor_evaluation_sop_doc,SOP Vendor Evaluation
,iac_report.menu_sop_fcst,SOP - FCST
,iac_report.menu_fcst_sop_doc,SOP FCST
,iac_report.menu_sop_asn,SOP - ASN
,iac_report.menu_asn_sop_doc,SOP ASN
,iac_report.menu_sop_rfq,SOP - RFQ
,iac_report.menu_rfq_sop_doc,SOP RFQ
,iac_report.menu_sop_workspace,SOP - Workspace
,iac_report.menu_workspace_sop_doc,SOP Workspace
,,
oscg_vendor.group_report_others,iac_report.menu_sop_po,SOP - PO
,iac_report.menu_po_sop_doc,SOP PO
,iac_report.menu_sop_vendor_evaluation,SOP - Vendor Evaluation
,iac_report.menu_vendor_evaluation_sop_doc,SOP Vendor Evaluation
,iac_report.menu_sop_fcst,SOP - FCST
,iac_report.menu_fcst_sop_doc,SOP FCST
,iac_report.menu_sop_asn,SOP - ASN
,iac_report.menu_asn_sop_doc,SOP ASN
,iac_report.menu_sop_rfq,SOP - RFQ
,iac_report.menu_rfq_sop_doc,SOP RFQ
,iac_report.menu_sop_workspace,SOP - Workspace
,iac_report.menu_workspace_sop_doc,SOP Workspace
,,
oscg_vendor.group_report_others,iac_report.menu_sop_po,SOP - PO
,iac_report.menu_po_sop_doc,SOP PO
,iac_report.menu_sop_vendor_evaluation,SOP - Vendor Evaluation
,iac_report.menu_vendor_evaluation_sop_doc,SOP Vendor Evaluation
,iac_report.menu_sop_fcst,SOP - FCST
,iac_report.menu_fcst_sop_doc,SOP FCST
,iac_report.menu_sop_asn,SOP - ASN
,iac_report.menu_asn_sop_doc,SOP ASN
,iac_report.menu_sop_rfq,SOP - RFQ
,iac_report.menu_rfq_sop_doc,SOP RFQ
,iac_report.menu_sop_workspace,SOP - Workspace
,iac_report.menu_workspace_sop_doc,SOP Workspace
,,
oscg_vendor.IAC_buyer_groups,oscg_rfq.menu_rfq,RFQ
,oscg_rfq.menu_rfq_rfq,RFQ
,oscg_rfq.menu_iac_rfq_change_term,Change Term
,oscg_rfq.menu_iac_rfq_mm_download,Batch: MM Download
,oscg_rfq.menu_iac_rfq_mm_upload,Batch: MM Upload
,oscg_rfq.menu_iac_rfq_mm_uploaded_history,Release List
,oscg_rfq.menu_iac_rfq_rfq,MM Release
,oscg_rfq.menu_iac_rfq_mass_line_buyer,Idle: MM Maintain
,,
oscg_vendor.IAC_AS_groups,oscg_rfq.menu_rfq,RFQ
,oscg_rfq.menu_rfq_view,Quote
,oscg_rfq.menu_iac_rfq_quote_as,AS Review
,oscg_rfq.menu_rfq,RFQ
,oscg_rfq.menu_rfq_rfq,RFQ
,oscg_rfq.menu_iac_rfq_as_upload,Batch: AS Upload
,,
,,
oscg_vendor.IAC_vendor_groups,iac_report.main_report_menu,Report
,iac_report.PO_menu,PO
,iac_report.menu_wizard_po_report,PO Report
,,
oscg_vendor.IAC_buyer_groups,iac_report.main_report_menu,Report
,iac_report.PO_menu,PO
,iac_report.menu_wizard_po_report,PO Report
,,
,,
oscg_vendor.IAC_buyer_groups,iac_report.main_report_menu,Report
,iac_report.PO_menu,PO
,iac_report.menu_wizard_po_without_vendor_confirm,New PO without Vendor Confirm
,,
oscg_vendor.group_report_vendor,iac_report.main_report_menu,Report
,iac_report.Vendor_menu,Vendor
,iac_report.menu_wizard_vendor_vs_buyer_email,Vendor vs Buyer Email
,iac_report.menu_wizard_vendor_change_history,Vendor Change History
,iac_report.menu_global_vendor_report,Global Vendor Report
,iac_report.menu_global_vendor_qm_report,Global Vendor Report-QM
,iac_report.menu_vendor_report,Vendor Report
,iac_report.menu_payment_term_change_report,Payment/Inco Term changes log
,,
,,
oscg_vendor.IAC_setsupplier_groups,iac_report.main_report_menu,Report
,iac_report.Vendor_menu,Vendor
,iac_report.menu_supplier_attachment_list,Supplier Attachment List
,,
oscg_vendor.IAC_buyer_groups,iac_report.main_report_menu,Report
,iac_report.Vendor_menu,Vendor
,iac_report.menu_supplier_attachment_list,Supplier Attachment List
,,
oscg_vendor.group_scm_leader,iac_report.main_report_menu,Report
,iac_report.Vendor_menu,Vendor
,iac_report.menu_vendor_evaluation_detail,Vendor Evaluation Detail
,,
oscg_vendor.group_scm_controller,iac_report.main_report_menu,Report
,iac_report.Vendor_menu,Vendor
,iac_report.menu_vendor_evaluation_detail,Vendor Evaluation Detail
,,
oscg_vendor.group_qm_leader,iac_report.main_report_menu,Report
,iac_report.Vendor_menu,Vendor
,iac_report.menu_vendor_evaluation_detail,Vendor Evaluation Detail
,,
oscg_vendor.group_qm_controller,iac_report.main_report_menu,Report
,iac_report.Vendor_menu,Vendor
,iac_report.menu_vendor_evaluation_detail,Vendor Evaluation Detail
,,
oscg_vendor.IAC_super_buyer_groups,oscg_po.menu_po,Purchase Order
,oscg_po.menu_po_view,Purchase Order
,oscg_po.menu_po_buyer_code_change,PO Buyer Code Change
,,
oscg_vendor.IAC_setsupplier_groups,iac_report.main_report_menu,Report
,iac_report.RFQ_menu,RFQ
,iac_report.menu_price_difference,«∞“ªÃÏΩ®RFQÉr∏Ò≤ÓÆê±Ì
oscg_vendor.group_bow_of_price,iac_report.main_report_menu,Report
,iac_report.RFQ_menu,RFQ
,iac_report.menu_price_difference,«∞“ªÃÏΩ®RFQÉr∏Ò≤ÓÆê±Ì
,,
oscg_vendor.IAC_super_buyer_groups,oscg_vendor.menu_vendor,Vendor
,oscg_vendor.menu_vendor_change,Vendor Change
,oscg_vendor.menu_vendor_change_buyer_email,Buyer Email
,,
oscg_vendor.group_scm_leader,iac_report.main_report_menu,Report
,iac_report.Vendor_menu,Vendor
,iac_report.menu_vendor_evaluation_summary,Vendor Evaluation Summary
,,
oscg_vendor.group_scm_controller,iac_report.main_report_menu,Report
,iac_report.Vendor_menu,Vendor
,iac_report.menu_vendor_evaluation_summary,Vendor Evaluation Summary
,,
oscg_vendor.group_qm_leader,iac_report.main_report_menu,Report
,iac_report.Vendor_menu,Vendor
,iac_report.menu_vendor_evaluation_summary,Vendor Evaluation Summary
,,
oscg_vendor.group_qm_controller,iac_report.main_report_menu,Report
,iac_report.Vendor_menu,Vendor
,iac_report.menu_vendor_evaluation_summary,Vendor Evaluation Summary
,,
oscg_vendor.IAC_setsupplier_groups,iac_report.main_report_menu,Report
,iac_report.Vendor_menu,Vendor
,iac_report.menu_vendor_without_gv_code,Vendor Without Gv_code Report
,,
oscg_vendor.IAC_buyer_groups,iac_report.main_report_menu,Report
,iac_report.Vendor_menu,Vendor
,iac_report.menu_global_vendor_report,Global Vendor Report
oscg_vendor.group_report_vendor_global,iac_report.main_report_menu,Report
,iac_report.Vendor_menu,Vendor
,iac_report.menu_global_vendor_report,Global Vendor Report
,,
oscg_vendor.IAC_super_buyer_groups,iac_report.main_report_menu,Report
,iac_report.PO_menu,Po
,iac_report.menu_po_buyer_code_change_log,Po Buyer_code Change Log
,,
oscg_vendor.IAC_AS_groups,iac_report.main_report_menu,Report
,iac_report.RFQ_menu,RFQ
,iac_report.menu_wizard_rfq_import_as_report,Upload List: AS
,,
oscg_vendor.IAC_buyer_groups,iac_report.main_report_menu,Report
,iac_report.RFQ_menu,RFQ
,iac_report.menu_wizard_rfq_import_mm_report,Upload List: MM
,,
oscg_vendor.IAC_qs_groups,iac_report.main_report_menu,Report
,iac_report.Vendor_menu,Vendor
,iac_report.menu_supplier_attachment_list,Supplier Attachment List
oscg_vendor.group_qm_controller,iac_report.main_report_menu,Report
,iac_report.Vendor_menu,Vendor
,iac_report.menu_supplier_attachment_list,Supplier Attachment List
oscg_vendor.group_qm_user,iac_report.main_report_menu,Report
,iac_report.Vendor_menu,Vendor
,iac_report.menu_supplier_attachment_list,Supplier Attachment List
